{"min": [-0.412491, -0.791393, -0.558254], "max": [0.406602, 0.778535, 0.613869]}